Area,Date,Assets,,,,,,,,,,,,,
Europe,01/03/2018,4466001,,,,,,,,,,,,,
Europe,01/10/2018,4472739,,,,,,,,,,,,,
Europe,01/17/2018,4484003,,,,,,,,,,,,,
Europe,01/24/2018,4493058,,,,,,,,,,,,,
Europe,01/31/2018,4491151,,,,,,,,,,,,,
Europe,02/07/2018,4493672,,,,,,,,,,,,,
Europe,02/14/2018,4504781,,,,,,,,,,,,,
Europe,02/21/2018,4511540,,,,,,,,,,,,,
Europe,02/28/2018,4519360,,,,,,,,,,,,,
Europe,03/07/2018,4530083,,,,,,,,,,,,,
Europe,03/14/2018,4532642,,,,,,,,,,,,,
Europe,03/21/2018,4539072,,,,,,,,,,,,,
Europe,03/28/2018,4529579,,,,,,,,,,,,,
Europe,04/04/2018,4531497,,,,,,,,,,,,,
Europe,04/11/2018,4548153,,,,,,,,,,,,,
Europe,04/18/2018,4543973,,,,,,,,,,,,,
Europe,04/25/2018,4554344,,,,,,,,,,,,,
Europe,05/02/2018,4552564,,,,,,,,,,,,,
Europe,05/09/2018,4562061,,,,,,,,,,,,,
Europe,05/16/2018,4561577,,,,,,,,,,,,,
Europe,05/23/2018,4562651,,,,,,,,,,,,,
Europe,05/30/2018,4567744,,,,,,,,,,,,,
Europe,06/06/2018,4577214,,,,,,,,,,,,,
Europe,07/13/2018,4578465,,,,,,,,,,,,,
Europe,07/20/2018,4585571,,,,,,,,,,,,,
Europe,07/27/2018,4592518,,,,,,,,,,,,,
Europe,07/04/2018,4591235,,,,,,,,,,,,,
Europe,07/11/2018,4599857,,,,,,,,,,,,,
Europe,07/18/2018,4605004,,,,,,,,,,,,,
Europe,07/25/2018,4612006,,,,,,,,,,,,,
Europe,08/01/2018,4602258,,,,,,,,,,,,,
Europe,08/08/2018,4608108,,,,,,,,,,,,,
Europe,08/15/2018,4614032,,,,,,,,,,,,,
Europe,08/22/2018,4619437,,,,,,,,,,,,,
Europe,08/29/2018,4621355,,,,,,,,,,,,,
Europe,09/05/2018,4633963,,,,,,,,,,,,,
Europe,09/12/2018,4638843,,,,,,,,,,,,,
Europe,09/19/2018,4645821,,,,,,,,,,,,,
Europe,09/26/2018,4619792,,,,,,,,,,,,,
Europe,10/03/2018,4625045,,,,,,,,,,,,,
Europe,10/10/2018,4632893,,,,,,,,,,,,,
Europe,10/17/2018,4628278,,,,,,,,,,,,,
Europe,10/24/2018,4624792,,,,,,,,,,,,,
Europe,11/01/2018,4622163,,,,,,,,,,,,,
Europe,11/07/2018,4626222,,,,,,,,,,,,,
Europe,11/16/2018,4638303,,,,,,,,,,,,,
Europe,11/23/2018,4646891,,,,,,,,,,,,,
Europe,11/30/2018,4660299,,,,,,,,,,,,,
Europe,12/05/2018,4662985,,,,,,,,,,,,,
Europe,12/12/2018,4668116,,,,,,,,,,,,,
Europe,12/29/2018,4674919,,,,,,,,,,,,,
Europe,01/02/2019,4669003,,,,,,,,,,,,,
Europe,01/09/2019,4694301,,,,,,,,,,,,,
Europe,01/09/2019,4703402,,,,,,,,,,,,,
Europe,01/16/2019,4705948,,,,,,,,,,,,,
Europe,01/23/2019,4708899,,,,,,,,,,,,,
Europe,01/30/2019,4695505,,,,,,,,,,,,,
Europe,02/07/2019,4696466,,,,,,,,,,,,,
Europe,02/16/2019,4702787,,,,,,,,,,,,,
Europe,02/23/2019,4692062,,,,,,,,,,,,,
Europe,02/30/2019,4686299,,,,,,,,,,,,,
Europe,03/06/2019,4691325,,,,,,,,,,,,,
Europe,03/13/2019,4680588,,,,,,,,,,,,,
Europe,03/20/2019,4676984,,,,,,,,,,,,,
Europe,03/27/2019,4695785,,,,,,,,,,,,,
Europe,04/03/2019,4699605,,,,,,,,,,,,,
Europe,04/10/2019,4701826,,,,,,,,,,,,,
Europe,04/17/2019,4707931,,,,,,,,,,,,,
Europe,04/24/2019,4697616,,,,,,,,,,,,,
Europe,05/01/2019,4683918,,,,,,,,,,,,,
Europe,05/08/2019,4685377,,,,,,,,,,,,,
Europe,05/15/2019,4684866,,,,,,,,,,,,,
Europe,05/22/2019,4692616,,,,,,,,,,,,,
Europe,05/29/2019,4685961,,,,,,,,,,,,,
Europe,06/05/2019,4690441,,,,,,,,,,,,,
Europe,06/12/2019,4681351,,,,,,,,,,,,,
Europe,06/19/2019,4682680,,,,,,,,,,,,,
Europe,06/26/2019,4692614,,,,,,,,,,,,,
Europe,07/03/2019,4677463,,,,,,,,,,,,,
Europe,07/10/2019,4684376,,,,,,,,,,,,,
Europe,07/17/2019,4688182,,,,,,,,,,,,,
Europe,07/24/2019,4685716,,,,,,,,,,,,,
Europe,07/31/2019,4679180,,,,,,,,,,,,,
Europe,08/07/2019,4677751,,,,,,,,,,,,,
Europe,08/14/2019,4676077,,,,,,,,,,,,,
Europe,08/21/2019,4681001,,,,,,,,,,,,,
Europe,08/28/2019,4683714,,,,,,,,,,,,,
Europe,09/04/2019,4681637,,,,,,,,,,,,,
Europe,09/11/2019,4674603,,,,,,,,,,,,,
Europe,09/18/2019,4662978,,,,,,,,,,,,,
Europe,09/25/2019,4638104,,,,,,,,,,,,,
Europe,10/02/2019,4695111,,,,,,,,,,,,,
Europe,10/09/2019,4692260,,,,,,,,,,,,,
Europe,10/16/2019,4687115,,,,,,,,,,,,,
Europe,10/23/2019,4680875,,,,,,,,,,,,,
Europe,10/30/2019,4676258,,,,,,,,,,,,,
Europe,11/06/2019,4684135,,,,,,,,,,,,,
Europe,11/13/2019,4691919,,,,,,,,,,,,,
Europe,11/20/2019,4696531,,,,,,,,,,,,,
Europe,11/27/2019,4698291,,,,,,,,,,,,,
Europe,12/04/2019,4709281,,,,,,,,,,,,,
Europe,12/11/2019,4713568,,,,,,,,,,,,,
Europe,12/18/2019,4682592,,,,,,,,,,,,,
Europe,12/25/2019,4691998,,,,,,,,,,,,,
Europe,01/01/2020,4664037,,,,,,,,,,,,,
Europe,01/08/2020,4655772,,,,,,,,,,,,,
Europe,01/15/2020,4660340,,,,,,,,,,,,,
Europe,01/22/2020,4674369,,,,,,,,,,,,,
Europe,01/29/2020,4671365,,,,,,,,,,,,,
Europe,02/05/2020,4668900,,,,,,,,,,,,,
Europe,02/12/2020,4679726,,,,,,,,,,,,,
Europe,02/19/2020,4688301,,,,,,,,,,,,,
Europe,02/16/2020,4691852,,,,,,,,,,,,,
Europe,03/04/2020,4702214,,,,,,,,,,,,,
Europe,03/11/2020,4704239,,,,,,,,,,,,,
Europe,03/18/2020,4927267,,,,,,,,,,,,,
Europe,03/25/2020,5062687,,,,,,,,,,,,,
Europe,04/01/2020,5199822,,,,,,,,,,,,,
Europe,04/08/2020,5257490,,,,,,,,,,,,,
Europe,04/15/2020,5282926,,,,,,,,,,,,,
Europe,04/22/2020,5347042,,,,,,,,,,,,,
Europe,04/29/2020,5395184,,,,,,,,,,,,,
Europe,05/06/2020,5451001,,,,,,,,,,,,,
Europe,05/13/2020,5505521,,,,,,,,,,,,,
Europe,05/20/2020,5555276,,,,,,,,,,,,,
Europe,05/27/2020,5596070,,,,,,,,,,,,,
Europe,06/03/2020,5655414,,,,,,,,,,,,,
Europe,06/10/2020,5630275,,,,,,,,,,,,,
Europe,06/17/2020,5636378,,,,,,,,,,,,,
Europe,06/24/2020,6236143,,,,,,,,,,,,,
Europe,07/01/2020,6288974,,,,,,,,,,,,,
Europe,07/08/2020,6309160,,,,,,,,,,,,,
Europe,07/15/2020,6322604,,,,,,,,,,,,,
Europe,07/22/2020,6351419,,,,,,,,,,,,,
Europe,07/29/2020,6360822,,,,,,,,,,,,,
Europe,08/05/2020,6385307,,,,,,,,,,,,,
Europe,08/12/2020,6404662,,,,,,,,,,,,,
Europe,08/19/2020,6424042,,,,,,,,,,,,,
Europe,08/26/2020,6440237,,,,,,,,,,,,,
Europe,09/02/2020,6458857,,,,,,,,,,,,,
Europe,09/09/2020,6474612,,,,,,,,,,,,,
Europe,09/16/2020,6502422,,,,,,,,,,,,,
Europe,09/23/2020,6534815,,,,,,,,,,,,,
Europe,09/30/2020,6705112,,,,,,,,,,,,,
Europe,10/07/2020,6725697,,,,,,,,,,,,,
Europe,10/14/2020,6743525,,,,,,,,,,,,,
Europe,10/21/2020,6781825,,,,,,,,,,,,,
Europe,10/28/2020,6775763,,,,,,,,,,,,,
Europe,11/04/2020,6796905,,,,,,,,,,,,,
Europe,11/11/2020,6833483,,,,,,,,,,,,,
Europe,11/18/2020,6867814,,,,,,,,,,,,,
Europe,11/25/2020,6883402,,,,,,,,,,,,,
Europe,12/02/2020,6923120,,,,,,,,,,,,,
Europe,12/09/2020,6949632,,,,,,,,,,,,,
Europe,12/16/2020,7008896,,,,,,,,,,,,,
Europe,12/23/2020,7014661,,,,,,,,,,,,,
Europe,12/30/2020,6979324,,,,,,,,,,,,,
Europe,01/06/2021,6984713,,,,,,,,,,,,,
Europe,01/13/2021,7015645,,,,,,,,,,,,,
Europe,01/20/2021,7024240,,,,,,,,,,,,,
Europe,01/27/2021,7033256,,,,,,,,,,,,,
Europe,02/03/2021,7054472,,,,,,,,,,,,,
Europe,02/10/2021,7079135,,,,,,,,,,,,,
Europe,02/17/2021,7101159,,,,,,,,,,,,,
Europe,02/24/2021,7110487,,,,,,,,,,,,,
Europe,03/03/2021,7120334,,,,,,,,,,,,,
Europe,03/10/2021,7137484,,,,,,,,,,,,,
Europe,03/17/2021,7162230,,,,,,,,,,,,,
Europe,03/24/2021,7505021,,,,,,,,,,,,,
Europe,03/31/2021,7494111,,,,,,,,,,,,,
Europe,04/07/2021,7514267,,,,,,,,,,,,,
Europe,04/14/2021,7522199,,,,,,,,,,,,,
Europe,04/21/2021,7558280,,,,,,,,,,,,,
Europe,04/28/2021,7567945,,,,,,,,,,,,,
Europe,05/05/2021,7588768,,,,,,,,,,,,,
Europe,05/12/2021,7615694,,,,,,,,,,,,,
Europe,05/19/2021,7643170,,,,,,,,,,,,,
Europe,05/26/2021,7657629,,,,,,,,,,,,,
Europe,06/02/2021,7680137,,,,,,,,,,,,,
Europe,06/09/2021,7700937,,,,,,,,,,,,,
Europe,06/16/2021,7736536,,,,,,,,,,,,,
Europe,06/23/2021,7877127,,,,,,,,,,,,,
Europe,06/30/2021,7907807,,,,,,,,,,,,,
Europe,07/07/2021,7926550,,,,,,,,,,,,,
Europe,07/14/2021,7950657,,,,,,,,,,,,,
Europe,07/21/2021,7988045,,,,,,,,,,,,,
Europe,07/28/2021,7987364,,,,,,,,,,,,,
Europe,08/04/2021,8009676,,,,,,,,,,,,,
Europe,08/11/2021,8036014,,,,,,,,,,,,,
Europe,08/18/2021,8052776,,,,,,,,,,,,,
Europe,08/25/2021,8191312,,,,,,,,,,,,,
Europe,09/01/2021,8207534,,,,,,,,,,,,,
Europe,09/08/2021,8222733,,,,,,,,,,,,,
Europe,09/15/2021,8244572,,,,,,,,,,,,,
Europe,09/22/2021,8273207,,,,,,,,,,,,,
Europe,09/29/2021,8289148,,,,,,,,,,,,,
Europe,10/06/2021,8314285,,,,,,,,,,,,,
Europe,10/13/2021,8336713,,,,,,,,,,,,,
Europe,10/20/2021,8368278,,,,,,,,,,,,,
Europe,10/27/2021,8366071,,,,,,,,,,,,,
Europe,11/03/2021,8382672,,,,,,,,,,,,,
Europe,11/10/2021,8414393,,,,,,,,,,,,,
Europe,11/17/2021,8442311,,,,,,,,,,,,,
Europe,11/24/2021,8456991,,,,,,,,,,,,,
Europe,12/01/2021,8469908,,,,,,,,,,,,,
Europe,12/08/2021,8496633,,,,,,,,,,,,,
Europe,12/15/2021,8511461,,,,,,,,,,,,,
Europe,12/22/2021,8512308,,,,,,,,,,,,,
USA,01/03/2018,4443718,,,,,,,,,,,,,
USA,01/10/2018,4446062,,,,,,,,,,,,,
USA,01/17/2018,4439145,,,,,,,,,,,,,
USA,01/24/2018,4441317,,,,,,,,,,,,,
USA,01/31/2018,4419225,,,,,,,,,,,,,
USA,02/07/2018,4420745,,,,,,,,,,,,,
USA,02/14/2018,4434863,,,,,,,,,,,,,
USA,02/21/2018,4411660,,,,,,,,,,,,,
USA,02/28/2018,4393401,,,,,,,,,,,,,
USA,03/07/2018,4396097,,,,,,,,,,,,,
USA,03/14/2018,4407258,,,,,,,,,,,,,
USA,03/21/2018,4401222,,,,,,,,,,,,,
USA,03/28/2018,4392198,,,,,,,,,,,,,
USA,04/04/2018,4386104,,,,,,,,,,,,,
USA,04/11/2018,4383684,,,,,,,,,,,,,
USA,04/18/2018,4385903,,,,,,,,,,,,,
USA,04/25/2018,4372886,,,,,,,,,,,,,
USA,05/02/2018,4356129,,,,,,,,,,,,,
USA,05/09/2018,4358207,,,,,,,,,,,,,
USA,05/16/2018,4337609,,,,,,,,,,,,,
USA,05/23/2018,4337301,,,,,,,,,,,,,
USA,05/30/2018,4327519,,,,,,,,,,,,,
USA,06/06/2018,4319191,,,,,,,,,,,,,
USA,07/13/2018,4324906,,,,,,,,,,,,,
USA,07/20/2018,4315896,,,,,,,,,,,,,
USA,07/27/2018,4305491,,,,,,,,,,,,,
USA,07/04/2018,4289764,,,,,,,,,,,,,
USA,07/11/2018,4291201,,,,,,,,,,,,,
USA,07/18/2018,4291615,,,,,,,,,,,,,
USA,07/25/2018,4277681,,,,,,,,,,,,,
USA,08/01/2018,4255653,,,,,,,,,,,,,
USA,08/08/2018,4258030,,,,,,,,,,,,,
USA,08/15/2018,4228924,,,,,,,,,,,,,
USA,08/22/2018,4228818,,,,,,,,,,,,,
USA,08/29/2018,4218914,,,,,,,,,,,,,
USA,09/05/2018,4208496,,,,,,,,,,,,,
USA,09/12/2018,4210812,,,,,,,,,,,,,
USA,09/19/2018,4208059,,,,,,,,,,,,,
USA,09/26/2018,4192909,,,,,,,,,,,,,
USA,10/03/2018,4174704,,,,,,,,,,,,,
USA,10/10/2018,4176906,,,,,,,,,,,,,
USA,10/17/2018,4175446,,,,,,,,,,,,,
USA,10/24/2018,4173070,,,,,,,,,,,,,
USA,11/01/2018,4139731,,,,,,,,,,,,,
USA,11/07/2018,4141936,,,,,,,,,,,,,
USA,11/16/2018,4145892,,,,,,,,,,,,,
USA,11/23/2018,4106198,,,,,,,,,,,,,
USA,11/30/2018,4097170,,,,,,,,,,,,,
USA,12/05/2018,4086044,,,,,,,,,,,,,
USA,12/12/2018,4088314,,,,,,,,,,,,,
USA,12/29/2018,4084274,,,,,,,,,,,,,
USA,01/02/2019,4075636,,,,,,,,,,,,,
USA,01/09/2019,4058378,,,,,,,,,,,,,
USA,01/09/2019,4056563,,,,,,,,,,,,,
USA,01/16/2019,4050044,,,,,,,,,,,,,
USA,01/23/2019,4047052,,,,,,,,,,,,,
USA,01/30/2019,4039678,,,,,,,,,,,,,
USA,02/07/2019,4026350,,,,,,,,,,,,,
USA,02/16/2019,4028431,,,,,,,,,,,,,
USA,02/23/2019,3981420,,,,,,,,,,,,,
USA,02/30/2019,3974590,,,,,,,,,,,,,
USA,03/06/2019,3969134,,,,,,,,,,,,,
USA,03/13/2019,3971559,,,,,,,,,,,,,
USA,03/20/2019,3962748,,,,,,,,,,,,,
USA,03/27/2019,3955617,,,,,,,,,,,,,
USA,04/03/2019,3935509,,,,,,,,,,,,,
USA,04/10/2019,3936784,,,,,,,,,,,,,
USA,04/17/2019,3931827,,,,,,,,,,,,,
USA,04/24/2019,3928273,,,,,,,,,,,,,
USA,05/01/2019,3889691,,,,,,,,,,,,,
USA,05/08/2019,3892216,,,,,,,,,,,,,
USA,05/15/2019,3864749,,,,,,,,,,,,,
USA,05/22/2019,3860435,,,,,,,,,,,,,
USA,05/29/2019,3851444,,,,,,,,,,,,,
USA,06/05/2019,3847645,,,,,,,,,,,,,
USA,06/12/2019,3849955,,,,,,,,,,,,,
USA,06/19/2019,3844016,,,,,,,,,,,,,
USA,06/26/2019,3826817,,,,,,,,,,,,,
USA,07/03/2019,3813198,,,,,,,,,,,,,
USA,07/10/2019,3815038,,,,,,,,,,,,,
USA,07/17/2019,3808110,,,,,,,,,,,,,
USA,07/24/2019,3803436,,,,,,,,,,,,,
USA,07/31/2019,3779102,,,,,,,,,,,,,
USA,08/07/2019,3781543,,,,,,,,,,,,,
USA,08/14/2019,3786018,,,,,,,,,,,,,
USA,08/21/2019,3764866,,,,,,,,,,,,,
USA,08/28/2019,3759946,,,,,,,,,,,,,
USA,09/04/2019,3761508,,,,,,,,,,,,,
USA,09/11/2019,3769673,,,,,,,,,,,,,
USA,09/18/2019,3844695,,,,,,,,,,,,,
USA,09/25/2019,3857715,,,,,,,,,,,,,
USA,10/02/2019,3945831,,,,,,,,,,,,,
USA,10/09/2019,3949955,,,,,,,,,,,,,
USA,10/16/2019,3966471,,,,,,,,,,,,,
USA,10/23/2019,3968700,,,,,,,,,,,,,
USA,10/30/2019,4019823,,,,,,,,,,,,,
USA,11/06/2019,4039443,,,,,,,,,,,,,
USA,11/13/2019,4047882,,,,,,,,,,,,,
USA,11/20/2019,4030249,,,,,,,,,,,,,
USA,11/27/2019,4052875,,,,,,,,,,,,,
USA,12/04/2019,4065696,,,,,,,,,,,,,
USA,12/11/2019,4095491,,,,,,,,,,,,,
USA,12/18/2019,4137052,,,,,,,,,,,,,
USA,12/25/2019,4165591,,,,,,,,,,,,,
USA,01/01/2020,4173626,,,,,,,,,,,,,
USA,01/08/2020,4149544,,,,,,,,,,,,,
USA,01/15/2020,4175850,,,,,,,,,,,,,
USA,01/22/2020,4145912,,,,,,,,,,,,,
USA,01/29/2020,4151630,,,,,,,,,,,,,
USA,02/05/2020,4166707,,,,,,,,,,,,,
USA,02/12/2020,4182689,,,,,,,,,,,,,
USA,02/19/2020,4171570,,,,,,,,,,,,,
USA,02/16/2020,4158637,,,,,,,,,,,,,
USA,03/04/2020,4241507,,,,,,,,,,,,,
USA,03/11/2020,4311911,,,,,,,,,,,,,
USA,03/18/2020,4668212,,,,,,,,,,,,,
USA,03/25/2020,5254278,,,,,,,,,,,,,
USA,04/01/2020,5811607,,,,,,,,,,,,,
USA,04/08/2020,6083141,,,,,,,,,,,,,
USA,04/15/2020,6367887,,,,,,,,,,,,,
USA,04/22/2020,6573136,,,,,,,,,,,,,
USA,04/29/2020,6655929,,,,,,,,,,,,,
USA,05/06/2020,6721420,,,,,,,,,,,,,
USA,05/13/2020,6934227,,,,,,,,,,,,,
USA,05/20/2020,7037258,,,,,,,,,,,,,
USA,05/27/2020,7097316,,,,,,,,,,,,,
USA,06/03/2020,7165217,,,,,,,,,,,,,
USA,06/10/2020,7168936,,,,,,,,,,,,,
USA,06/17/2020,7094690,,,,,,,,,,,,,
USA,06/24/2020,7082302,,,,,,,,,,,,,
USA,07/01/2020,7009040,,,,,,,,,,,,,
USA,07/08/2020,6920716,,,,,,,,,,,,,
USA,07/15/2020,6958604,,,,,,,,,,,,,
USA,07/22/2020,6964755,,,,,,,,,,,,,
USA,07/29/2020,6949032,,,,,,,,,,,,,
USA,08/05/2020,6945237,,,,,,,,,,,,,
USA,08/12/2020,6957277,,,,,,,,,,,,,
USA,08/19/2020,7010637,,,,,,,,,,,,,
USA,08/26/2020,6990418,,,,,,,,,,,,,
USA,09/02/2020,7017492,,,,,,,,,,,,,
USA,09/09/2020,7010614,,,,,,,,,,,,,
USA,09/16/2020,7064475,,,,,,,,,,,,,
USA,09/23/2020,7093161,,,,,,,,,,,,,
USA,09/30/2020,7056129,,,,,,,,,,,,,
USA,10/07/2020,7074649,,,,,,,,,,,,,
USA,10/14/2020,7151426,,,,,,,,,,,,,
USA,10/21/2020,7177265,,,,,,,,,,,,,
USA,10/28/2020,7146306,,,,,,,,,,,,,
USA,11/04/2020,7157479,,,,,,,,,,,,,
USA,11/11/2020,7175417,,,,,,,,,,,,,
USA,11/18/2020,7243080,,,,,,,,,,,,,
USA,11/25/2020,7216480,,,,,,,,,,,,,
USA,12/02/2020,7222414,,,,,,,,,,,,,
USA,12/09/2020,7242658,,,,,,,,,,,,,
USA,12/16/2020,7362592,,,,,,,,,,,,,
USA,12/23/2020,7404039,,,,,,,,,,,,,
USA,12/30/2020,7363351,,,,,,,,,,,,,
USA,01/06/2021,7334809,,,,,,,,,,,,,
USA,01/13/2021,7333968,,,,,,,,,,,,,
USA,01/20/2021,7414942,,,,,,,,,,,,,
USA,01/27/2021,7404926,,,,,,,,,,,,,
USA,02/03/2021,7410598,,,,,,,,,,,,,
USA,02/10/2021,7442225,,,,,,,,,,,,,
USA,02/17/2021,7557402,,,,,,,,,,,,,
USA,02/24/2021,7590111,,,,,,,,,,,,,
USA,03/03/2021,7557524,,,,,,,,,,,,,
USA,03/10/2021,7579901,,,,,,,,,,,,,
USA,03/17/2021,7693506,,,,,,,,,,,,,
USA,03/24/2021,7719622,,,,,,,,,,,,,
USA,03/31/2021,7688988,,,,,,,,,,,,,
USA,04/07/2021,7708882,,,,,,,,,,,,,
USA,04/14/2021,7793104,,,,,,,,,,,,,
USA,04/21/2021,7820948,,,,,,,,,,,,,
USA,04/28/2021,7780962,,,,,,,,,,,,,
USA,05/05/2021,7810486,,,,,,,,,,,,,
USA,05/12/2021,7830663,,,,,,,,,,,,,
USA,05/19/2021,7922883,,,,,,,,,,,,,
USA,05/26/2021,7903541,,,,,,,,,,,,,
USA,06/02/2021,7935703,,,,,,,,,,,,,
USA,06/09/2021,7952327,,,,,,,,,,,,,
USA,06/16/2021,8064257,,,,,,,,,,,,,
USA,06/23/2021,8101945,,,,,,,,,,,,,
USA,06/30/2021,8078544,,,,,,,,,,,,,
USA,07/07/2021,8097773,,,,,,,,,,,,,
USA,07/14/2021,8201651,,,,,,,,,,,,,
USA,07/21/2021,8240530,,,,,,,,,,,,,
USA,07/28/2021,8221473,,,,,,,,,,,,,
USA,08/04/2021,8235073,,,,,,,,,,,,,
USA,08/11/2021,8257159,,,,,,,,,,,,,
USA,08/18/2021,8342598,,,,,,,,,,,,,
USA,08/25/2021,8332743,,,,,,,,,,,,,
USA,09/01/2021,8349173,,,,,,,,,,,,,
USA,09/08/2021,8357314,,,,,,,,,,,,,
USA,09/15/2021,8448770,,,,,,,,,,,,,
USA,09/22/2021,8489824,,,,,,,,,,,,,
USA,09/29/2021,8447981,,,,,,,,,,,,,
USA,10/06/2021,8464032,,,,,,,,,,,,,
USA,10/13/2021,8480942,,,,,,,,,,,,,
USA,10/20/2021,8564943,,,,,,,,,,,,,
USA,10/27/2021,8556181,,,,,,,,,,,,,
USA,11/03/2021,8574871,,,,,,,,,,,,,
USA,11/10/2021,8663117,,,,,,,,,,,,,
USA,11/17/2021,8674970,,,,,,,,,,,,,
USA,11/24/2021,8681771,,,,,,,,,,,,,
USA,12/01/2021,8650402,,,,,,,,,,,,,
USA,12/08/2021,8664524,,,,,,,,,,,,,
USA,12/15/2021,8756666,,,,,,,,,,,,,
USA,12/22/2021,8790495,,,,,,,,,,,,,
UK,01/03/2018,465536,,,,,,,,,,,,,
UK,01/10/2018,467473,,,,,,,,,,,,,
UK,01/17/2018,469351,,,,,,,,,,,,,
UK,01/24/2018,471629,,,,,,,,,,,,,
UK,01/31/2018,472128,,,,,,,,,,,,,
UK,02/07/2018,473964,,,,,,,,,,,,,
UK,02/14/2018,478462,,,,,,,,,,,,,
UK,02/21/2018,480877,,,,,,,,,,,,,
UK,02/28/2018,492226,,,,,,,,,,,,,
UK,03/07/2018,473603,,,,,,,,,,,,,
UK,03/14/2018,474943,,,,,,,,,,,,,
UK,03/21/2018,478595,,,,,,,,,,,,,
UK,03/28/2018,481950,,,,,,,,,,,,,
UK,04/04/2018,483981,,,,,,,,,,,,,
UK,04/11/2018,491192,,,,,,,,,,,,,
UK,04/18/2018,496425,,,,,,,,,,,,,
UK,04/25/2018,496302,,,,,,,,,,,,,
UK,05/02/2018,495298,,,,,,,,,,,,,
UK,05/09/2018,495869,,,,,,,,,,,,,
UK,05/16/2018,494283,,,,,,,,,,,,,
UK,05/23/2018,488391,,,,,,,,,,,,,
UK,05/30/2018,493354,,,,,,,,,,,,,
UK,06/06/2018,491577,,,,,,,,,,,,,
UK,07/13/2018,487703,,,,,,,,,,,,,
UK,07/20/2018,488221,,,,,,,,,,,,,
UK,07/27/2018,488323,,,,,,,,,,,,,
UK,07/04/2018,487918,,,,,,,,,,,,,
UK,07/11/2018,490315,,,,,,,,,,,,,
UK,07/18/2018,484138,,,,,,,,,,,,,
UK,07/25/2018,486890,,,,,,,,,,,,,
UK,08/01/2018,488157,,,,,,,,,,,,,
UK,08/08/2018,489566,,,,,,,,,,,,,
UK,08/15/2018,491426,,,,,,,,,,,,,
UK,08/22/2018,488556,,,,,,,,,,,,,
UK,08/29/2018,490880,,,,,,,,,,,,,
UK,09/05/2018,491073,,,,,,,,,,,,,
UK,09/12/2018,487381,,,,,,,,,,,,,
UK,09/19/2018,487671,,,,,,,,,,,,,
UK,09/26/2018,488810,,,,,,,,,,,,,
UK,10/03/2018,489126,,,,,,,,,,,,,
UK,10/10/2018,491587,,,,,,,,,,,,,
UK,10/17/2018,492930,,,,,,,,,,,,,
UK,10/24/2018,492580,,,,,,,,,,,,,
UK,11/01/2018,491033,,,,,,,,,,,,,
UK,11/07/2018,492628,,,,,,,,,,,,,
UK,11/16/2018,487888,,,,,,,,,,,,,
UK,11/23/2018,488529,,,,,,,,,,,,,
UK,11/30/2018,488938,,,,,,,,,,,,,
UK,12/05/2018,487301,,,,,,,,,,,,,
UK,12/12/2018,486572,,,,,,,,,,,,,
UK,12/29/2018,484932,,,,,,,,,,,,,
UK,01/02/2019,484262,,,,,,,,,,,,,
UK,01/09/2019,485156,,,,,,,,,,,,,
UK,01/09/2019,487445,,,,,,,,,,,,,
UK,01/16/2019,489815,,,,,,,,,,,,,
UK,01/23/2019,487910,,,,,,,,,,,,,
UK,01/30/2019,488792,,,,,,,,,,,,,
UK,02/07/2019,488315,,,,,,,,,,,,,
UK,02/16/2019,491320,,,,,,,,,,,,,
UK,02/23/2019,491212,,,,,,,,,,,,,
UK,02/30/2019,491220,,,,,,,,,,,,,
UK,03/06/2019,471255,,,,,,,,,,,,,
UK,03/13/2019,473585,,,,,,,,,,,,,
UK,03/20/2019,476641,,,,,,,,,,,,,
UK,03/27/2019,478655,,,,,,,,,,,,,
UK,04/03/2019,482697,,,,,,,,,,,,,
UK,04/10/2019,489268,,,,,,,,,,,,,
UK,04/17/2019,491067,,,,,,,,,,,,,
UK,04/24/2019,492892,,,,,,,,,,,,,
UK,05/01/2019,495534,,,,,,,,,,,,,
UK,05/08/2019,491878,,,,,,,,,,,,,
UK,05/15/2019,491822,,,,,,,,,,,,,
UK,05/22/2019,490866,,,,,,,,,,,,,
UK,05/29/2019,491997,,,,,,,,,,,,,
UK,06/05/2019,492925,,,,,,,,,,,,,
UK,06/12/2019,487661,,,,,,,,,,,,,
UK,06/19/2019,488356,,,,,,,,,,,,,
UK,06/26/2019,489961,,,,,,,,,,,,,
UK,07/03/2019,489015,,,,,,,,,,,,,
UK,07/10/2019,487373,,,,,,,,,,,,,
UK,07/17/2019,480773,,,,,,,,,,,,,
UK,07/24/2019,487025,,,,,,,,,,,,,
UK,07/31/2019,486936,,,,,,,,,,,,,
UK,08/07/2019,487676,,,,,,,,,,,,,
UK,08/14/2019,487144,,,,,,,,,,,,,
UK,08/21/2019,486850,,,,,,,,,,,,,
UK,08/28/2019,477604,,,,,,,,,,,,,
UK,09/04/2019,466583,,,,,,,,,,,,,
UK,09/11/2019,468687,,,,,,,,,,,,,
UK,09/18/2019,472920,,,,,,,,,,,,,
UK,09/25/2019,476654,,,,,,,,,,,,,
UK,10/02/2019,480443,,,,,,,,,,,,,
UK,10/09/2019,484757,,,,,,,,,,,,,
UK,10/16/2019,484528,,,,,,,,,,,,,
UK,10/23/2019,484366,,,,,,,,,,,,,
UK,10/30/2019,485886,,,,,,,,,,,,,
UK,11/06/2019,487077,,,,,,,,,,,,,
UK,11/13/2019,485724,,,,,,,,,,,,,
UK,11/20/2019,483761,,,,,,,,,,,,,
UK,11/27/2019,483356,,,,,,,,,,,,,
UK,12/04/2019,484171,,,,,,,,,,,,,
UK,12/11/2019,479192,,,,,,,,,,,,,
UK,12/18/2019,476327,,,,,,,,,,,,,
UK,12/25/2019,475579,,,,,,,,,,,,,
UK,01/01/2020,473150,,,,,,,,,,,,,
UK,01/08/2020,475642,,,,,,,,,,,,,
UK,01/15/2020,474291,,,,,,,,,,,,,
UK,01/22/2020,473473,,,,,,,,,,,,,
UK,01/29/2020,475796,,,,,,,,,,,,,
UK,02/05/2020,475770,,,,,,,,,,,,,
UK,02/12/2020,476201,,,,,,,,,,,,,
UK,02/19/2020,477016,,,,,,,,,,,,,
UK,02/16/2020,474973,,,,,,,,,,,,,
UK,03/04/2020,469040,,,,,,,,,,,,,
UK,03/11/2020,460129,,,,,,,,,,,,,
UK,03/18/2020,465635,,,,,,,,,,,,,
UK,03/25/2020,481339,,,,,,,,,,,,,
UK,04/01/2020,512834,,,,,,,,,,,,,
UK,04/08/2020,532371,,,,,,,,,,,,,
UK,04/15/2020,552079,,,,,,,,,,,,,
UK,04/22/2020,570640,,,,,,,,,,,,,
UK,04/29/2020,594210,,,,,,,,,,,,,
UK,05/06/2020,614755,,,,,,,,,,,,,
UK,05/13/2020,627404,,,,,,,,,,,,,
UK,05/20/2020,643792,,,,,,,,,,,,,
UK,05/27/2020,657680,,,,,,,,,,,,,
UK,06/03/2020,666056,,,,,,,,,,,,,
UK,06/10/2020,675541,,,,,,,,,,,,,
UK,06/17/2020,686007,,,,,,,,,,,,,
UK,06/24/2020,694623,,,,,,,,,,,,,
UK,07/01/2020,695052,,,,,,,,,,,,,
UK,07/08/2020,706027,,,,,,,,,,,,,
UK,07/15/2020,708984,,,,,,,,,,,,,
UK,07/22/2020,705387,,,,,,,,,,,,,
UK,07/29/2020,710964,,,,,,,,,,,,,
UK,08/05/2020,721079,,,,,,,,,,,,,
UK,08/12/2020,723510,,,,,,,,,,,,,
UK,08/19/2020,729045,,,,,,,,,,,,,
UK,08/26/2020,735560,,,,,,,,,,,,,
UK,09/02/2020,732945,,,,,,,,,,,,,
UK,09/09/2020,720979,,,,,,,,,,,,,
UK,09/16/2020,720704,,,,,,,,,,,,,
UK,09/23/2020,722703,,,,,,,,,,,,,
UK,09/30/2020,731618,,,,,,,,,,,,,
UK,10/07/2020,740507,,,,,,,,,,,,,
UK,10/14/2020,745080,,,,,,,,,,,,,
UK,10/21/2020,747633,,,,,,,,,,,,,
UK,10/28/2020,754166,,,,,,,,,,,,,
UK,11/04/2020,761947,,,,,,,,,,,,,
UK,11/11/2020,766661,,,,,,,,,,,,,
UK,11/18/2020,768196,,,,,,,,,,,,,
UK,11/25/2020,770091,,,,,,,,,,,,,
UK,12/02/2020,769745,,,,,,,,,,,,,
UK,12/09/2020,767734,,,,,,,,,,,,,
UK,12/16/2020,772815,,,,,,,,,,,,,
UK,12/23/2020,770976,,,,,,,,,,,,,
UK,12/30/2020,767807,,,,,,,,,,,,,
UK,01/06/2021,770506,,,,,,,,,,,,,
UK,01/13/2021,775003,,,,,,,,,,,,,
UK,01/20/2021,762656,,,,,,,,,,,,,
UK,01/27/2021,778484,,,,,,,,,,,,,
UK,02/03/2021,787616,,,,,,,,,,,,,
UK,02/10/2021,790165,,,,,,,,,,,,,
UK,02/17/2021,794321,,,,,,,,,,,,,
UK,02/24/2021,796625,,,,,,,,,,,,,
UK,03/03/2021,800586,,,,,,,,,,,,,
UK,03/10/2021,800148,,,,,,,,,,,,,
UK,03/17/2021,803668,,,,,,,,,,,,,
UK,03/24/2021,799930,,,,,,,,,,,,,
UK,03/31/2021,790041,,,,,,,,,,,,,
UK,04/07/2021,798915,,,,,,,,,,,,,
UK,04/14/2021,807331,,,,,,,,,,,,,
UK,04/21/2021,812487,,,,,,,,,,,,,
UK,04/28/2021,816480,,,,,,,,,,,,,
UK,05/05/2021,825973,,,,,,,,,,,,,
UK,05/12/2021,827491,,,,,,,,,,,,,
UK,05/19/2021,827305,,,,,,,,,,,,,
UK,05/26/2021,831499,,,,,,,,,,,,,
UK,06/02/2021,829441,,,,,,,,,,,,,
UK,06/09/2021,823889,,,,,,,,,,,,,
UK,06/16/2021,831147,,,,,,,,,,,,,
UK,06/23/2021,829727,,,,,,,,,,,,,
UK,06/30/2021,827659,,,,,,,,,,,,,
UK,07/07/2021,839382,,,,,,,,,,,,,
UK,07/14/2021,843402,,,,,,,,,,,,,
UK,07/21/2021,845644,,,,,,,,,,,,,
UK,07/28/2021,845801,,,,,,,,,,,,,
UK,08/04/2021,847781,,,,,,,,,,,,,
UK,08/11/2021,850208,,,,,,,,,,,,,
UK,08/18/2021,854771,,,,,,,,,,,,,
UK,08/25/2021,854410,,,,,,,,,,,,,
UK,09/01/2021,856787,,,,,,,,,,,,,
UK,09/08/2021,849568,,,,,,,,,,,,,
UK,09/15/2021,850975,,,,,,,,,,,,,
UK,09/22/2021,851363,,,,,,,,,,,,,
UK,09/29/2021,859539,,,,,,,,,,,,,
UK,10/06/2021,870620,,,,,,,,,,,,,
UK,10/13/2021,885043,,,,,,,,,,,,,
UK,10/20/2021,905287,,,,,,,,,,,,,
UK,10/27/2021,936391,,,,,,,,,,,,,
UK,11/03/2021,961365,,,,,,,,,,,,,
UK,11/10/2021,964762,,,,,,,,,,,,,
UK,11/17/2021,967635,,,,,,,,,,,,,
UK,11/24/2021,967271,,,,,,,,,,,,,
UK,12/01/2021,971828,,,,,,,,,,,,,
UK,12/08/2021,973535,,,,,,,,,,,,,
UK,12/15/2021,972517,,,,,,,,,,,,,
UK,12/22/2021,969749,,,,,,,,,,,,,